State,State Code,Year,Year Code,Deaths,Population,Crude Rate
Alabama,1,1999,1999,35,4430141,0.8
Alabama,1,2000,2000,41,4447100,0.9
Alabama,1,2001,2001,51,4467634,1.1
Alabama,1,2002,2002,65,4480089,1.5
Alabama,1,2003,2003,45,4503491,1
Alabama,1,2004,2004,76,4530729,1.7
Alabama,1,2005,2005,74,4569805,1.6
Alabama,1,2006,2006,120,4628981,2.6
Alabama,1,2007,2007,158,4672840,3.4
Alabama,1,2008,2008,181,4718206,3.8
Alabama,1,2009,2009,203,4757938,4.3
Alabama,1,2010,2010,174,4779736,3.6
Alabama,1,2011,2011,167,4802740,3.5
Alabama,1,2012,2012,156,4822023,3.2
Alabama,1,2013,2013,154,4833722,3.2
Alabama,1,2014,2014,259,4849377,5.3
Alabama,1,2015,2015,266,4858979,5.5
Alabama,1,2016,2016,333,4863300,6.8
Alabama,1,2017,2017,405,4874747,8.3
Alabama,1,2018,2018,372,4887871,7.6
Alabama,1,2019,2019,405,4903185,8.3
Alabama,1,2020,2020,598,4921532,12.2
Alaska,2,1999,1999,19,624779,Unreliable
Alaska,2,2000,2000,25,626932,4
Alaska,2,2001,2001,11,633714,Unreliable
Alaska,2,2005,2005,17,666946,Unreliable
Alaska,2,2006,2006,24,675302,3.6
Alaska,2,2007,2007,14,680300,Unreliable
Alaska,2,2008,2008,85,687455,12.4
Alaska,2,2009,2009,85,698895,12.2
Alaska,2,2010,2010,62,710231,8.7
Alaska,2,2011,2011,64,722718,8.9
Alaska,2,2012,2012,73,731449,10
Alaska,2,2013,2013,62,735132,8.4
Alaska,2,2014,2014,74,736732,10
Alaska,2,2015,2015,86,738432,11.6
Alaska,2,2016,2016,92,741894,12.4
Alaska,2,2017,2017,97,739795,13.1
Alaska,2,2018,2018,63,737438,8.5
Alaska,2,2019,2019,83,731545,11.3
Alaska,2,2020,2020,109,731158,14.9
Arizona,4,1999,1999,135,5023823,2.7
Arizona,4,2000,2000,128,5130632,2.5
Arizona,4,2001,2001,146,5273477,2.8
Arizona,4,2002,2002,213,5396255,3.9
Arizona,4,2003,2003,277,5510364,5
Arizona,4,2004,2004,258,5652404,4.6
Arizona,4,2005,2005,301,5839077,5.2
Arizona,4,2006,2006,349,6029141,5.8
Arizona,4,2007,2007,356,6167681,5.8
Arizona,4,2008,2008,423,6280362,6.7
Arizona,4,2009,2009,505,6343154,8
Arizona,4,2010,2010,528,6392017,8.3
Arizona,4,2011,2011,491,6482505,7.6
Arizona,4,2012,2012,480,6553255,7.3
Arizona,4,2013,2013,486,6626624,7.3
Arizona,4,2014,2014,560,6731484,8.3
Arizona,4,2015,2015,630,6828065,9.2
Arizona,4,2016,2016,727,6931071,10.5
Arizona,4,2017,2017,873,7016270,12.4
Arizona,4,2018,2018,1078,7171646,15
Arizona,4,2019,2019,1261,7278717,17.3
Arizona,4,2020,2020,1858,7421401,25
Arkansas,5,1999,1999,24,2651860,0.9
Arkansas,5,2000,2000,18,2673400,Unreliable
Arkansas,5,2001,2001,27,2691571,1
Arkansas,5,2002,2002,83,2705927,3.1
Arkansas,5,2003,2003,85,2724816,3.1
Arkansas,5,2004,2004,119,2749686,4.3
Arkansas,5,2005,2005,116,2781097,4.2
Arkansas,5,2006,2006,132,2821761,4.7
Arkansas,5,2007,2007,144,2848650,5.1
Arkansas,5,2008,2008,194,2874554,6.7
Arkansas,5,2009,2009,196,2896843,6.8
Arkansas,5,2010,2010,182,2915918,6.2
Arkansas,5,2011,2011,161,2937979,5.5
Arkansas,5,2012,2012,165,2949131,5.6
Arkansas,5,2013,2013,153,2959373,5.2
Arkansas,5,2014,2014,163,2966369,5.5
Arkansas,5,2015,2015,193,2978204,6.5
Arkansas,5,2016,2016,160,2988248,5.4
Arkansas,5,2017,2017,178,3004279,5.9
Arkansas,5,2018,2018,199,3013825,6.6
Arkansas,5,2019,2019,194,3017804,6.4
Arkansas,5,2020,2020,278,3030522,9.2
California,6,1999,1999,1225,33499204,3.7
California,6,2000,2000,848,33871648,2.5
California,6,2001,2001,457,34479458,1.3
California,6,2002,2002,1245,34871843,3.6
California,6,2003,2003,1223,35253159,3.5
California,6,2004,2004,1211,35574576,3.4
California,6,2005,2005,1171,35827943,3.3
California,6,2006,2006,1296,36021202,3.6
California,6,2007,2007,1464,36250311,4
California,6,2008,2008,1640,36604337,4.5
California,6,2009,2009,1840,36961229,5
California,6,2010,2010,1779,37253956,4.8
California,6,2011,2011,1797,37691912,4.8
California,6,2012,2012,1581,38041430,4.2
California,6,2013,2013,1776,38332521,4.6
California,6,2014,2014,1885,38802500,4.9
California,6,2015,2015,1874,39144818,4.8
California,6,2016,2016,1884,39250017,4.8
California,6,2017,2017,2072,39536653,5.2
California,6,2018,2018,2307,39557045,5.8
California,6,2019,2019,3144,39512223,8
California,6,2020,2020,5411,39368078,13.7
Colorado,8,1999,1999,108,4226018,2.6
Colorado,8,2000,2000,112,4301261,2.6
Colorado,8,2001,2001,134,4425687,3
Colorado,8,2002,2002,140,4490406,3.1
Colorado,8,2003,2003,139,4528732,3.1
Colorado,8,2004,2004,152,4575013,3.3
Colorado,8,2005,2005,220,4631888,4.7
Colorado,8,2006,2006,242,4720423,5.1
Colorado,8,2007,2007,309,4803868,6.4
Colorado,8,2008,2008,290,4889730,5.9
Colorado,8,2009,2009,343,4972195,6.9
Colorado,8,2010,2010,268,5029196,5.3
Colorado,8,2011,2011,384,5116796,7.5
Colorado,8,2012,2012,378,5187582,7.3
Colorado,8,2013,2013,406,5268367,7.7
Colorado,8,2014,2014,486,5355866,9.1
Colorado,8,2015,2015,471,5456574,8.6
Colorado,8,2016,2016,520,5540545,9.4
Colorado,8,2017,2017,560,5607154,10
Colorado,8,2018,2018,555,5695564,9.7
Colorado,8,2019,2019,625,5758736,10.9
Colorado,8,2020,2020,964,5807719,16.6
Connecticut,9,1999,1999,122,3386401,3.6
Connecticut,9,2000,2000,134,3405565,3.9
Connecticut,9,2001,2001,129,3432835,3.8
Connecticut,9,2002,2002,141,3458749,4.1
Connecticut,9,2003,2003,149,3484336,4.3
Connecticut,9,2004,2004,170,3496094,4.9
Connecticut,9,2005,2005,138,3506956,3.9
Connecticut,9,2006,2006,186,3517460,5.3
Connecticut,9,2007,2007,213,3527270,6
Connecticut,9,2008,2008,205,3545579,5.8
Connecticut,9,2009,2009,187,3561807,5.3
Connecticut,9,2010,2010,173,3574097,4.8
Connecticut,9,2011,2011,171,3580709,4.8
Connecticut,9,2012,2012,168,3590347,4.7
Connecticut,9,2013,2013,419,3596080,11.7
Connecticut,9,2014,2014,504,3596677,14
Connecticut,9,2015,2015,668,3590886,18.6
Connecticut,9,2016,2016,846,3576452,23.7
Connecticut,9,2017,2017,949,3588184,26.4
Connecticut,9,2018,2018,942,3572665,26.4
Connecticut,9,2019,2019,1096,3565287,30.7
Connecticut,9,2020,2020,1248,3557006,35.1
Delaware,10,1999,1999,22,774990,2.8
Delaware,10,2000,2000,17,783600,Unreliable
Delaware,10,2001,2001,25,795699,3.1
Delaware,10,2002,2002,40,806169,5
Delaware,10,2003,2003,35,818003,4.3
Delaware,10,2004,2004,31,830803,3.7
Delaware,10,2005,2005,25,845150,3
Delaware,10,2006,2006,35,859268,4.1
Delaware,10,2007,2007,41,871749,4.7
Delaware,10,2008,2008,58,883874,6.6
Delaware,10,2009,2009,74,891730,8.3
Delaware,10,2010,2010,90,897934,10
Delaware,10,2011,2011,98,907135,10.8
Delaware,10,2012,2012,72,917092,7.9
Delaware,10,2013,2013,99,925749,10.7
Delaware,10,2014,2014,118,935614,12.6
Delaware,10,2015,2015,129,945934,13.6
Delaware,10,2016,2016,145,952065,15.2
Delaware,10,2017,2017,236,961939,24.5
Delaware,10,2018,2018,339,967171,35.1
Delaware,10,2019,2019,382,973764,39.2
Delaware,10,2020,2020,399,986809,40.4
District of Columbia,11,1999,1999,19,570213,Unreliable
District of Columbia,11,2000,2000,15,572059,Unreliable
District of Columbia,11,2002,2002,10,573158,Unreliable
District of Columbia,11,2003,2003,17,568502,Unreliable
District of Columbia,11,2004,2004,33,567754,5.8
District of Columbia,11,2005,2005,20,567136,3.5
District of Columbia,11,2006,2006,26,570681,4.6
District of Columbia,11,2007,2007,14,574404,Unreliable
District of Columbia,11,2008,2008,22,580236,3.8
District of Columbia,11,2010,2010,27,601723,4.5
District of Columbia,11,2011,2011,42,617996,6.8
District of Columbia,11,2012,2012,41,632323,6.5
District of Columbia,11,2013,2013,54,646449,8.4
District of Columbia,11,2014,2014,59,658893,9
District of Columbia,11,2015,2015,97,672228,14.4
District of Columbia,11,2016,2016,209,681170,30.7
District of Columbia,11,2017,2017,238,693972,34.3
District of Columbia,11,2018,2018,186,702455,26.5
District of Columbia,11,2019,2019,241,705749,34.1
District of Columbia,11,2020,2020,332,712816,46.6
Florida,12,1999,1999,352,15759421,2.2
Florida,12,2000,2000,511,15982378,3.2
Florida,12,2001,2001,801,16356966,4.9
Florida,12,2002,2002,900,16689370,5.4
Florida,12,2003,2003,1004,17004085,5.9
Florida,12,2004,2004,1146,17415318,6.6
Florida,12,2005,2005,1049,17842038,5.9
Florida,12,2006,2006,1179,18166990,6.5
Florida,12,2007,2007,1394,18367842,7.6
Florida,12,2008,2008,1408,18527305,7.6
Florida,12,2009,2009,1545,18652644,8.3
Florida,12,2010,2010,1637,18801310,8.7
Florida,12,2011,2011,1544,19057542,8.1
Florida,12,2012,2012,1298,19317568,6.7
Florida,12,2013,2013,1240,19552860,6.3
Florida,12,2014,2014,1385,19893297,7
Florida,12,2015,2015,1796,20271272,8.9
Florida,12,2016,2016,2735,20612439,13.3
Florida,12,2017,2017,3183,20984400,15.2
Florida,12,2018,2018,3126,21299325,14.7
Florida,12,2019,2019,3712,21477737,17.3
Florida,12,2020,2020,5419,21733312,24.9
Georgia,13,1999,1999,53,8045965,0.7
Georgia,13,2000,2000,86,8186453,1.1
Georgia,13,2001,2001,155,8377038,1.9
Georgia,13,2002,2002,173,8508256,2
Georgia,13,2003,2003,191,8622793,2.2
Georgia,13,2004,2004,225,8769252,2.6
Georgia,13,2005,2005,275,8925922,3.1
Georgia,13,2006,2006,311,9155813,3.4
Georgia,13,2007,2007,358,9349988,3.8
Georgia,13,2008,2008,383,9504843,4
Georgia,13,2009,2009,467,9620846,4.9
Georgia,13,2010,2010,507,9687653,5.2
Georgia,13,2011,2011,514,9815210,5.2
Georgia,13,2012,2012,501,9919945,5.1
Georgia,13,2013,2013,501,9992167,5
Georgia,13,2014,2014,687,10097343,6.8
Georgia,13,2015,2015,828,10214860,8.1
Georgia,13,2016,2016,886,10310371,8.6
Georgia,13,2017,2017,997,10429379,9.6
Georgia,13,2018,2018,850,10519475,8.1
Georgia,13,2019,2019,851,10617423,8
Georgia,13,2020,2020,1292,10710017,12.1
Hawaii,15,1999,1999,27,1210300,2.2
Hawaii,15,2000,2000,27,1211537,2.2
Hawaii,15,2001,2001,36,1225948,2.9
Hawaii,15,2002,2002,44,1239613,3.5
Hawaii,15,2003,2003,37,1251154,3
Hawaii,15,2004,2004,54,1273569,4.2
Hawaii,15,2005,2005,61,1292729,4.7
Hawaii,15,2006,2006,44,1309731,3.4
Hawaii,15,2007,2007,72,1315675,5.5
Hawaii,15,2008,2008,46,1332213,3.5
Hawaii,15,2009,2009,53,1346717,3.9
Hawaii,15,2010,2010,61,1360301,4.5
Hawaii,15,2011,2011,70,1374810,5.1
Hawaii,15,2012,2012,54,1392313,3.9
Hawaii,15,2013,2013,65,1404054,4.6
Hawaii,15,2014,2014,57,1419561,4
Hawaii,15,2015,2015,61,1431603,4.3
Hawaii,15,2016,2016,76,1428557,5.3
Hawaii,15,2017,2017,50,1427538,3.5
Hawaii,15,2018,2018,58,1420491,4.1
Hawaii,15,2019,2019,54,1415872,3.8
Hawaii,15,2020,2020,74,1407006,5.3
Idaho,16,1999,1999,25,1275674,2
Idaho,16,2000,2000,24,1293953,1.9
Idaho,16,2001,2001,49,1319962,3.7
Idaho,16,2002,2002,43,1340372,3.2
Idaho,16,2003,2003,51,1363380,3.7
Idaho,16,2004,2004,46,1391802,3.3
Idaho,16,2005,2005,43,1428241,3
Idaho,16,2006,2006,67,1468669,4.6
Idaho,16,2007,2007,58,1505105,3.9
Idaho,16,2008,2008,65,1534320,4.2
Idaho,16,2009,2009,61,1554439,3.9
Idaho,16,2010,2010,71,1567582,4.5
Idaho,16,2011,2011,72,1584985,4.5
Idaho,16,2012,2012,55,1595728,3.4
Idaho,16,2013,2013,71,1612136,4.4
Idaho,16,2014,2014,73,1634464,4.5
Idaho,16,2015,2015,87,1654930,5.3
Idaho,16,2016,2016,113,1683140,6.7
Idaho,16,2017,2017,98,1716943,5.7
Idaho,16,2018,2018,116,1754208,6.6
Idaho,16,2019,2019,130,1787065,7.3
Idaho,16,2020,2020,156,1826913,8.5
Illinois,17,1999,1999,118,12359020,1
Illinois,17,2000,2000,149,12419293,1.2
Illinois,17,2001,2001,187,12488445,1.5
Illinois,17,2002,2002,220,12525556,1.8
Illinois,17,2003,2003,171,12556006,1.4
Illinois,17,2004,2004,207,12589773,1.6
Illinois,17,2005,2005,269,12609903,2.1
Illinois,17,2006,2006,609,12643955,4.8
Illinois,17,2007,2007,375,12695866,3
Illinois,17,2008,2008,421,12747038,3.3
Illinois,17,2009,2009,476,12796778,3.7
Illinois,17,2010,2010,484,12830632,3.8
Illinois,17,2011,2011,469,12869257,3.6
Illinois,17,2012,2012,604,12875255,4.7
Illinois,17,2013,2013,908,12882135,7
Illinois,17,2014,2014,1108,12880580,8.6
Illinois,17,2015,2015,1297,12859995,10.1
Illinois,17,2016,2016,1878,12801539,14.7
Illinois,17,2017,2017,2157,12802023,16.8
Illinois,17,2018,2018,2146,12741080,16.8
Illinois,17,2019,2019,2189,12671821,17.3
Illinois,17,2020,2020,2912,12587530,23.1
Indiana,18,1999,1999,32,6044969,0.5
Indiana,18,2000,2000,30,6080485,0.5
Indiana,18,2001,2001,59,6127760,1
Indiana,18,2002,2002,48,6155967,0.8
Indiana,18,2003,2003,103,6196638,1.7
Indiana,18,2004,2004,109,6233007,1.7
Indiana,18,2005,2005,133,6278616,2.1
Indiana,18,2006,2006,143,6332669,2.3
Indiana,18,2007,2007,212,6379599,3.3
Indiana,18,2008,2008,271,6424806,4.2
Indiana,18,2009,2009,304,6459325,4.7
Indiana,18,2010,2010,270,6483802,4.2
Indiana,18,2011,2011,315,6516922,4.8
Indiana,18,2012,2012,323,6537334,4.9
Indiana,18,2013,2013,314,6570902,4.8
Indiana,18,2014,2014,410,6596855,6.2
Indiana,18,2015,2015,465,6619680,7
Indiana,18,2016,2016,718,6633053,10.8
Indiana,18,2017,2017,1101,6666818,16.5
Indiana,18,2018,2018,1063,6691878,15.9
Indiana,18,2019,2019,1225,6732219,18.2
Indiana,18,2020,2020,1852,6754953,27.4
Iowa,19,1999,1999,13,2917634,Unreliable
Iowa,19,2000,2000,15,2926324,Unreliable
Iowa,19,2001,2001,25,2931997,0.9
Iowa,19,2002,2002,33,2934234,1.1
Iowa,19,2003,2003,31,2941999,1.1
Iowa,19,2004,2004,59,2953635,2
Iowa,19,2005,2005,64,2964454,2.2
Iowa,19,2006,2006,86,2982644,2.9
Iowa,19,2007,2007,100,2999212,3.3
Iowa,19,2008,2008,120,3016734,4
Iowa,19,2009,2009,134,3032870,4.4
Iowa,19,2010,2010,135,3046355,4.4
Iowa,19,2011,2011,150,3062309,4.9
Iowa,19,2012,2012,163,3074186,5.3
Iowa,19,2013,2013,170,3090416,5.5
Iowa,19,2014,2014,145,3107126,4.7
Iowa,19,2015,2015,156,3123899,5
Iowa,19,2016,2016,174,3134693,5.6
Iowa,19,2017,2017,201,3145711,6.4
Iowa,19,2018,2018,141,3156145,4.5
Iowa,19,2019,2019,158,3155070,5
Iowa,19,2020,2020,224,3163561,7.1
Kansas,20,1999,1999,23,2678338,0.9
Kansas,20,2000,2000,20,2688418,0.7
Kansas,20,2001,2001,42,2702162,1.6
Kansas,20,2002,2002,77,2713535,2.8
Kansas,20,2003,2003,67,2723004,2.5
Kansas,20,2004,2004,107,2734373,3.9
Kansas,20,2005,2005,102,2745299,3.7
Kansas,20,2006,2006,114,2762931,4.1
Kansas,20,2007,2007,114,2783785,4.1
Kansas,20,2008,2008,92,2808076,3.3
Kansas,20,2009,2009,140,2832704,4.9
Kansas,20,2010,2010,96,2853118,3.4
Kansas,20,2011,2011,113,2871238,3.9
Kansas,20,2012,2012,168,2885905,5.8
Kansas,20,2013,2013,155,2893957,5.4
Kansas,20,2014,2014,170,2904021,5.9
Kansas,20,2015,2015,145,2911641,5
Kansas,20,2016,2016,139,2907289,4.8
Kansas,20,2017,2017,138,2913123,4.7
Kansas,20,2018,2018,152,2911505,5.2
Kansas,20,2019,2019,181,2913314,6.2
Kansas,20,2020,2020,256,2913805,8.8
Kentucky,21,1999,1999,48,4018053,1.2
Kentucky,21,2000,2000,76,4041769,1.9
Kentucky,21,2001,2001,130,4068132,3.2
Kentucky,21,2002,2002,162,4089875,4
Kentucky,21,2003,2003,215,4117170,5.2
Kentucky,21,2004,2004,206,4146101,5
Kentucky,21,2005,2005,266,4182742,6.4
Kentucky,21,2006,2006,313,4219239,7.4
Kentucky,21,2007,2007,324,4256672,7.6
Kentucky,21,2008,2008,354,4289878,8.3
Kentucky,21,2009,2009,409,4317074,9.5
Kentucky,21,2010,2010,565,4339367,13
Kentucky,21,2011,2011,603,4369356,13.8
Kentucky,21,2012,2012,600,4380415,13.7
Kentucky,21,2013,2013,600,4395295,13.7
Kentucky,21,2014,2014,677,4413457,15.3
Kentucky,21,2015,2015,854,4425092,19.3
Kentucky,21,2016,2016,952,4436974,21.5
Kentucky,21,2017,2017,1131,4454189,25.4
Kentucky,21,2018,2018,970,4468402,21.7
Kentucky,21,2019,2019,1024,4467673,22.9
Kentucky,21,2020,2020,1667,4477251,37.2
Louisiana,22,1999,1999,21,4460811,0.5
Louisiana,22,2000,2000,34,4468976,0.8
Louisiana,22,2001,2001,65,4477875,1.5
Louisiana,22,2002,2002,76,4497267,1.7
Louisiana,22,2003,2003,107,4521042,2.4
Louisiana,22,2004,2004,127,4552238,2.8
Louisiana,22,2005,2005,154,4576628,3.4
Louisiana,22,2006,2006,178,4302665,4.1
Louisiana,22,2007,2007,195,4375581,4.5
Louisiana,22,2008,2008,116,4435586,2.6
Louisiana,22,2009,2009,97,4491648,2.2
Louisiana,22,2010,2010,112,4533372,2.5
Louisiana,22,2011,2011,101,4574836,2.2
Louisiana,22,2012,2012,156,4601893,3.4
Louisiana,22,2013,2013,231,4625470,5
Louisiana,22,2014,2014,219,4649676,4.7
Louisiana,22,2015,2015,262,4670724,5.6
Louisiana,22,2016,2016,314,4681666,6.7
Louisiana,22,2017,2017,396,4684333,8.5
Louisiana,22,2018,2018,426,4659978,9.1
Louisiana,22,2019,2019,538,4648794,11.6
Louisiana,22,2020,2020,916,4645318,19.7
Maine,23,1999,1999,17,1266808,Unreliable
Maine,23,2000,2000,33,1274923,2.6
Maine,23,2001,2001,39,1285692,3
Maine,23,2002,2002,75,1295960,5.8
Maine,23,2003,2003,73,1306513,5.6
Maine,23,2004,2004,89,1313688,6.8
Maine,23,2005,2005,103,1318787,7.8
Maine,23,2006,2006,88,1323619,6.6
Maine,23,2007,2007,95,1327040,7.2
Maine,23,2008,2008,102,1330509,7.7
Maine,23,2009,2009,108,1329590,8.1
Maine,23,2010,2010,87,1328361,6.5
Maine,23,2011,2011,83,1328188,6.2
Maine,23,2012,2012,96,1329192,7.2
Maine,23,2013,2013,120,1328302,9
Maine,23,2014,2014,168,1330089,12.6
Maine,23,2015,2015,235,1329328,17.7
Maine,23,2016,2016,299,1331479,22.5
Maine,23,2017,2017,359,1335907,26.9
Maine,23,2018,2018,281,1338404,21
Maine,23,2019,2019,321,1344212,23.9
Maine,23,2020,2020,417,1350141,30.9
Maryland,24,1999,1999,23,5254509,0.4
Maryland,24,2000,2000,50,5296486,0.9
Maryland,24,2001,2001,51,5374691,0.9
Maryland,24,2002,2002,84,5440389,1.5
Maryland,24,2003,2003,104,5496269,1.9
Maryland,24,2004,2004,241,5546935,4.3
Maryland,24,2005,2005,300,5592379,5.4
Maryland,24,2006,2006,405,5627367,7.2
Maryland,24,2007,2007,446,5653408,7.9
Maryland,24,2008,2008,425,5684965,7.5
Maryland,24,2009,2009,483,5730388,8.4
Maryland,24,2010,2010,456,5773552,7.9
Maryland,24,2011,2011,504,5828289,8.6
Maryland,24,2012,2012,588,5884563,10
Maryland,24,2013,2013,666,5928814,11.2
Maryland,24,2014,2014,885,5976407,14.8
Maryland,24,2015,2015,1031,6006401,17.2
Maryland,24,2016,2016,1765,6016447,29.3
Maryland,24,2017,2017,1961,6052177,32.4
Maryland,24,2018,2018,2065,6042718,34.2
Maryland,24,2019,2019,2094,6045680,34.6
Maryland,24,2020,2020,2501,6055802,41.3
Massachusetts,25,1999,1999,64,6317345,1
Massachusetts,25,2000,2000,60,6349097,0.9
Massachusetts,25,2001,2001,116,6397634,1.8
Massachusetts,25,2002,2002,132,6417206,2.1
Massachusetts,25,2003,2003,167,6422565,2.6
Massachusetts,25,2004,2004,163,6412281,2.5
Massachusetts,25,2005,2005,227,6403290,3.5
Massachusetts,25,2006,2006,386,6410084,6
Massachusetts,25,2007,2007,397,6431559,6.2
Massachusetts,25,2008,2008,305,6468967,4.7
Massachusetts,25,2009,2009,361,6517613,5.5
Massachusetts,25,2010,2010,361,6547629,5.5
Massachusetts,25,2011,2011,414,6587536,6.3
Massachusetts,25,2012,2012,511,6646144,7.7
Massachusetts,25,2013,2013,589,6692824,8.8
Massachusetts,25,2014,2014,946,6745408,14
Massachusetts,25,2015,2015,1421,6794422,20.9
Massachusetts,25,2016,2016,1912,6811779,28.1
Massachusetts,25,2017,2017,1876,6859819,27.3
Massachusetts,25,2018,2018,1982,6902149,28.7
Massachusetts,25,2019,2019,1956,6892503,28.4
Massachusetts,25,2020,2020,2054,6893574,29.8
Michigan,26,1999,1999,102,9897116,1
Michigan,26,2000,2000,158,9938444,1.6
Michigan,26,2001,2001,171,9991120,1.7
Michigan,26,2002,2002,216,10015710,2.2
Michigan,26,2003,2003,221,10041152,2.2
Michigan,26,2004,2004,324,10055315,3.2
Michigan,26,2005,2005,453,10051137,4.5
Michigan,26,2006,2006,566,10036081,5.6
Michigan,26,2007,2007,478,10001284,4.8
Michigan,26,2008,2008,603,9946889,6.1
Michigan,26,2009,2009,678,9901591,6.8
Michigan,26,2010,2010,640,9883640,6.5
Michigan,26,2011,2011,654,9876187,6.6
Michigan,26,2012,2012,651,9883360,6.6
Michigan,26,2013,2013,852,9895622,8.6
Michigan,26,2014,2014,1011,9909877,10.2
Michigan,26,2015,2015,1269,9922576,12.8
Michigan,26,2016,2016,1709,9928300,17.2
Michigan,26,2017,2017,1995,9962311,20
Michigan,26,2018,2018,1975,9995915,19.8
Michigan,26,2019,2019,1768,9986857,17.7
Michigan,26,2020,2020,2172,9966555,21.8
Minnesota,27,1999,1999,38,4873481,0.8
Minnesota,27,2000,2000,27,4919479,0.5
Minnesota,27,2001,2001,68,4982796,1.4
Minnesota,27,2002,2002,66,5018935,1.3
Minnesota,27,2003,2003,75,5053572,1.5
Minnesota,27,2004,2004,102,5087713,2
Minnesota,27,2005,2005,111,5119598,2.2
Minnesota,27,2006,2006,133,5163555,2.6
Minnesota,27,2007,2007,156,5207203,3
Minnesota,27,2008,2008,175,5247018,3.3
Minnesota,27,2009,2009,221,5281203,4.2
Minnesota,27,2010,2010,199,5303925,3.8
Minnesota,27,2011,2011,222,5344861,4.2
Minnesota,27,2012,2012,233,5379139,4.3
Minnesota,27,2013,2013,285,5420380,5.3
Minnesota,27,2014,2014,301,5457173,5.5
Minnesota,27,2015,2015,319,5489594,5.8
Minnesota,27,2016,2016,387,5519952,7
Minnesota,27,2017,2017,415,5576606,7.4
Minnesota,27,2018,2018,337,5611179,6
Minnesota,27,2019,2019,424,5639632,7.5
Minnesota,27,2020,2020,677,5657342,12
Mississippi,28,1999,1999,12,2828408,Unreliable
Mississippi,28,2000,2000,12,2844658,Unreliable
Mississippi,28,2001,2001,23,2852994,0.8
Mississippi,28,2002,2002,22,2858681,0.8
Mississippi,28,2003,2003,27,2868312,0.9
Mississippi,28,2004,2004,24,2889010,0.8
Mississippi,28,2005,2005,36,2905943,1.2
Mississippi,28,2006,2006,61,2904978,2.1
Mississippi,28,2007,2007,90,2928350,3.1
Mississippi,28,2008,2008,100,2947806,3.4
Mississippi,28,2009,2009,89,2958774,3
Mississippi,28,2010,2010,94,2967297,3.2
Mississippi,28,2011,2011,75,2978512,2.5
Mississippi,28,2012,2012,103,2984926,3.5
Mississippi,28,2013,2013,94,2991207,3.1
Mississippi,28,2014,2014,105,2994079,3.5
Mississippi,28,2015,2015,139,2992333,4.6
Mississippi,28,2016,2016,165,2988726,5.5
Mississippi,28,2017,2017,172,2984100,5.8
Mississippi,28,2018,2018,164,2986530,5.5
Mississippi,28,2019,2019,240,2976149,8.1
Mississippi,28,2020,2020,399,2966786,13.4
Missouri,29,1999,1999,95,5561948,1.7
Missouri,29,2000,2000,125,5595211,2.2
Missouri,29,2001,2001,123,5641142,2.2
Missouri,29,2002,2002,178,5674825,3.1
Missouri,29,2003,2003,261,5709403,4.6
Missouri,29,2004,2004,256,5747741,4.5
Missouri,29,2005,2005,295,5790300,5.1
Missouri,29,2006,2006,388,5842704,6.6
Missouri,29,2007,2007,362,5887612,6.1
Missouri,29,2008,2008,435,5923916,7.3
Missouri,29,2009,2009,462,5961088,7.8
Missouri,29,2010,2010,554,5988927,9.3
Missouri,29,2011,2011,553,6010688,9.2
Missouri,29,2012,2012,496,6021988,8.2
Missouri,29,2013,2013,591,6044171,9.8
Missouri,29,2014,2014,663,6063589,10.9
Missouri,29,2015,2015,663,6083672,10.9
Missouri,29,2016,2016,896,6093000,14.7
Missouri,29,2017,2017,926,6113532,15.1
Missouri,29,2018,2018,1110,6126452,18.1
Missouri,29,2019,2019,1082,6137428,17.6
Missouri,29,2020,2020,1366,6151548,22.2
Montana,30,1999,1999,15,897507,Unreliable
Montana,30,2000,2000,11,902195,Unreliable
Montana,30,2001,2001,20,906961,2.2
Montana,30,2002,2002,19,911667,Unreliable
Montana,30,2003,2003,41,919630,4.5
Montana,30,2004,2004,43,930009,4.6
Montana,30,2005,2005,39,940102,4.1
Montana,30,2006,2006,44,952692,4.6
Montana,30,2007,2007,60,964706,6.2
Montana,30,2008,2008,68,976415,7
Montana,30,2009,2009,89,983982,9
Montana,30,2010,2010,54,989415,5.5
Montana,30,2011,2011,62,998199,6.2
Montana,30,2012,2012,50,1005141,5
Montana,30,2013,2013,63,1015165,6.2
Montana,30,2014,2014,50,1023579,4.9
Montana,30,2015,2015,44,1032949,4.3
Montana,30,2016,2016,38,1042520,3.6
Montana,30,2017,2017,35,1050493,3.3
Montana,30,2018,2018,58,1062305,5.5
Montana,30,2019,2019,70,1068778,6.5
Montana,30,2020,2020,84,1080577,7.8
Nebraska,31,2000,2000,15,1711263,Unreliable
Nebraska,31,2001,2001,29,1719836,1.7
Nebraska,31,2002,2002,24,1728292,1.4
Nebraska,31,2003,2003,14,1738643,Unreliable
Nebraska,31,2004,2004,26,1749370,1.5
Nebraska,31,2005,2005,41,1761497,2.3
Nebraska,31,2006,2006,33,1772693,1.9
Nebraska,31,2007,2007,37,1783440,2.1
Nebraska,31,2008,2008,28,1796378,1.6
Nebraska,31,2009,2009,62,1812683,3.4
Nebraska,31,2010,2010,57,1826341,3.1
Nebraska,31,2011,2011,52,1842641,2.8
Nebraska,31,2012,2012,52,1855525,2.8
Nebraska,31,2013,2013,41,1868516,2.2
Nebraska,31,2014,2014,52,1881503,2.8
Nebraska,31,2015,2015,53,1896190,2.8
Nebraska,31,2016,2016,42,1907116,2.2
Nebraska,31,2017,2017,58,1920076,3
Nebraska,31,2018,2018,62,1929268,3.2
Nebraska,31,2019,2019,66,1934408,3.4
Nebraska,31,2020,2020,101,1937552,5.2
Nevada,32,1999,1999,137,1934718,7.1
Nevada,32,2000,2000,160,1998257,8
Nevada,32,2001,2001,157,2098399,7.5
Nevada,32,2002,2002,176,2173791,8.1
Nevada,32,2003,2003,191,2248850,8.5
Nevada,32,2004,2004,207,2346222,8.8
Nevada,32,2005,2005,281,2432143,11.6
Nevada,32,2006,2006,292,2522658,11.6
Nevada,32,2007,2007,342,2601072,13.1
Nevada,32,2008,2008,344,2653630,13
Nevada,32,2009,2009,399,2684665,14.9
Nevada,32,2010,2010,403,2700551,14.9
Nevada,32,2011,2011,418,2723322,15.3
Nevada,32,2012,2012,409,2758931,14.8
Nevada,32,2013,2013,359,2790136,12.9
Nevada,32,2014,2014,340,2839099,12
Nevada,32,2015,2015,385,2890845,13.3
Nevada,32,2016,2016,381,2940058,13
Nevada,32,2017,2017,395,2998039,13.2
Nevada,32,2018,2018,364,3034392,12
Nevada,32,2019,2019,364,3080156,11.8
Nevada,32,2020,2020,555,3138259,17.7
New Hampshire,33,1999,1999,26,1222014,2.1
New Hampshire,33,2000,2000,17,1235786,Unreliable
New Hampshire,33,2001,2001,34,1255517,2.7
New Hampshire,33,2002,2002,51,1269089,4
New Hampshire,33,2003,2003,63,1279840,4.9
New Hampshire,33,2004,2004,67,1290121,5.2
New Hampshire,33,2005,2005,80,1298492,6.2
New Hampshire,33,2006,2006,81,1308389,6.2
New Hampshire,33,2007,2007,126,1312540,9.6
New Hampshire,33,2008,2008,84,1315906,6.4
New Hampshire,33,2009,2009,118,1316102,9
New Hampshire,33,2010,2010,111,1316470,8.4
New Hampshire,33,2011,2011,146,1318194,11.1
New Hampshire,33,2012,2012,124,1320718,9.4
New Hampshire,33,2013,2013,151,1323459,11.4
New Hampshire,33,2014,2014,290,1326813,21.9
New Hampshire,33,2015,2015,375,1330608,28.2
New Hampshire,33,2016,2016,432,1334795,32.4
New Hampshire,33,2017,2017,422,1342795,31.4
New Hampshire,33,2018,2018,412,1356458,30.4
New Hampshire,33,2019,2019,364,1359711,26.8
New Hampshire,33,2020,2020,340,1366275,24.9
New Jersey,34,1999,1999,280,8359592,3.3
New Jersey,34,2000,2000,292,8414350,3.5
New Jersey,34,2001,2001,319,8492671,3.8
New Jersey,34,2002,2002,375,8552643,4.4
New Jersey,34,2003,2003,368,8601402,4.3
New Jersey,34,2004,2004,256,8634561,3
New Jersey,34,2005,2005,354,8651974,4.1
New Jersey,34,2006,2006,306,8661679,3.5
New Jersey,34,2007,2007,298,8677885,3.4
New Jersey,34,2008,2008,286,8711090,3.3
New Jersey,34,2009,2009,39,8755602,0.4
New Jersey,34,2010,2010,325,8791894,3.7
New Jersey,34,2011,2011,393,8821155,4.5
New Jersey,34,2012,2012,567,8864590,6.4
New Jersey,34,2013,2013,631,8899339,7.1
New Jersey,34,2014,2014,700,8938175,7.8
New Jersey,34,2015,2015,817,8958013,9.1
New Jersey,34,2016,2016,1387,8944469,15.5
New Jersey,34,2017,2017,1939,9005644,21.5
New Jersey,34,2018,2018,2554,8908520,28.7
New Jersey,34,2019,2019,2469,8882190,27.8
New Jersey,34,2020,2020,2518,8882371,28.3
New Mexico,35,1999,1999,170,1808082,9.4
New Mexico,35,2000,2000,170,1819046,9.3
New Mexico,35,2001,2001,140,1831690,7.6
New Mexico,35,2002,2002,191,1855309,10.3
New Mexico,35,2003,2003,212,1877574,11.3
New Mexico,35,2004,2004,177,1903808,9.3
New Mexico,35,2005,2005,205,1932274,10.6
New Mexico,35,2006,2006,241,1962137,12.3
New Mexico,35,2007,2007,256,1990070,12.9
New Mexico,35,2008,2008,304,2010662,15.1
New Mexico,35,2009,2009,188,2036802,9.2
New Mexico,35,2010,2010,167,2059179,8.1
New Mexico,35,2011,2011,221,2082224,10.6
New Mexico,35,2012,2012,312,2085538,15
New Mexico,35,2013,2013,314,2085287,15.1
New Mexico,35,2014,2014,392,2085572,18.8
New Mexico,35,2015,2015,345,2085109,16.5
New Mexico,35,2016,2016,343,2081015,16.5
New Mexico,35,2017,2017,329,2088070,15.8
New Mexico,35,2018,2018,333,2095428,15.9
New Mexico,35,2019,2019,391,2096829,18.6
New Mexico,35,2020,2020,528,2106319,25.1
New York,36,1999,1999,218,18882725,1.2
New York,36,2000,2000,162,18976457,0.9
New York,36,2001,2001,264,19082838,1.4
New York,36,2002,2002,244,19137800,1.3
New York,36,2003,2003,266,19175939,1.4
New York,36,2004,2004,244,19171567,1.3
New York,36,2005,2005,303,19132610,1.6
New York,36,2006,2006,752,19104631,3.9
New York,36,2007,2007,867,19132335,4.5
New York,36,2008,2008,927,19212436,4.8
New York,36,2009,2009,948,19307066,4.9
New York,36,2010,2010,998,19378102,5.2
New York,36,2011,2011,1236,19465197,6.3
New York,36,2012,2012,1397,19570261,7.1
New York,36,2013,2013,1544,19651127,7.9
New York,36,2014,2014,1638,19746227,8.3
New York,36,2015,2015,2057,19795791,10.4
New York,36,2016,2016,2889,19745289,14.6
New York,36,2017,2017,3164,19849399,15.9
New York,36,2018,2018,2950,19542209,15.1
New York,36,2019,2019,2908,19453561,14.9
New York,36,2020,2020,4187,19336776,21.7
North Carolina,37,1999,1999,149,7949361,1.9
North Carolina,37,2000,2000,277,8049313,3.4
North Carolina,37,2001,2001,333,8210122,4.1
North Carolina,37,2002,2002,394,8326201,4.7
North Carolina,37,2003,2003,478,8422501,5.7
North Carolina,37,2004,2004,548,8553152,6.4
North Carolina,37,2005,2005,641,8705407,7.4
North Carolina,37,2006,2006,689,8917270,7.7
North Carolina,37,2007,2007,743,9118037,8.1
North Carolina,37,2008,2008,830,9309449,8.9
North Carolina,37,2009,2009,847,9449566,9
North Carolina,37,2010,2010,763,9535483,8
North Carolina,37,2011,2011,806,9656401,8.3
North Carolina,37,2012,2012,808,9752073,8.3
North Carolina,37,2013,2013,806,9848060,8.2
North Carolina,37,2014,2014,938,9943964,9.4
North Carolina,37,2015,2015,1135,10042802,11.3
North Carolina,37,2016,2016,1475,10146788,14.5
North Carolina,37,2017,2017,1913,10273419,18.6
North Carolina,37,2018,2018,1747,10383620,16.8
North Carolina,37,2019,2019,1792,10488084,17.1
North Carolina,37,2020,2020,2617,10600823,24.7
North Dakota,38,2002,2002,14,638168,Unreliable
North Dakota,38,2004,2004,12,644705,Unreliable
North Dakota,38,2007,2007,12,652822,Unreliable
North Dakota,38,2008,2008,19,657569,Unreliable
North Dakota,38,2010,2010,13,672591,Unreliable
North Dakota,38,2014,2014,27,739482,3.7
North Dakota,38,2015,2015,24,756927,3.2
North Dakota,38,2016,2016,43,757952,5.7
North Dakota,38,2017,2017,30,755393,4
North Dakota,38,2018,2018,33,760077,4.3
North Dakota,38,2019,2019,38,762062,5
North Dakota,38,2020,2020,56,765309,7.3
Ohio,39,1999,1999,143,11335454,1.3
Ohio,39,2000,2000,216,11353140,1.9
Ohio,39,2001,2001,294,11387404,2.6
Ohio,39,2002,2002,381,11407889,3.3
Ohio,39,2003,2003,339,11434788,3
Ohio,39,2004,2004,491,11452251,4.3
Ohio,39,2005,2005,522,11463320,4.6
Ohio,39,2006,2006,601,11481213,5.2
Ohio,39,2007,2007,665,11500468,5.8
Ohio,39,2008,2008,765,11515391,6.6
Ohio,39,2009,2009,639,11528896,5.5
Ohio,39,2010,2010,1061,11536504,9.2
Ohio,39,2011,2011,1195,11544951,10.4
Ohio,39,2012,2012,1289,11544225,11.2
Ohio,39,2013,2013,1563,11570808,13.5
Ohio,39,2014,2014,2041,11594163,17.6
Ohio,39,2015,2015,2608,11613423,22.5
Ohio,39,2016,2016,3493,11614373,30.1
Ohio,39,2017,2017,4215,11658609,36.2
Ohio,39,2018,2018,3192,11689442,27.3
Ohio,39,2019,2019,3405,11689100,29.1
Ohio,39,2020,2020,4352,11693217,37.2
Oklahoma,40,1999,1999,89,3437147,2.6
Oklahoma,40,2000,2000,125,3450654,3.6
Oklahoma,40,2001,2001,154,3467100,4.4
Oklahoma,40,2002,2002,144,3489080,4.1
Oklahoma,40,2003,2003,252,3504892,7.2
Oklahoma,40,2004,2004,303,3525233,8.6
Oklahoma,40,2005,2005,309,3548597,8.7
Oklahoma,40,2006,2006,378,3594090,10.5
Oklahoma,40,2007,2007,487,3634349,13.4
Oklahoma,40,2008,2008,404,3668976,11
Oklahoma,40,2009,2009,560,3717572,15.1
Oklahoma,40,2010,2010,505,3751351,13.5
Oklahoma,40,2011,2011,469,3791508,12.4
Oklahoma,40,2012,2012,525,3814820,13.8
Oklahoma,40,2013,2013,502,3850568,13
Oklahoma,40,2014,2014,491,3878051,12.7
Oklahoma,40,2015,2015,419,3911338,10.7
Oklahoma,40,2016,2016,437,3923561,11.1
Oklahoma,40,2017,2017,380,3930864,9.7
Oklahoma,40,2018,2018,304,3943079,7.7
Oklahoma,40,2019,2019,263,3956971,6.6
Oklahoma,40,2020,2020,314,3980783,7.9
Oregon,41,1999,1999,102,3393941,3
Oregon,41,2000,2000,86,3421399,2.5
Oregon,41,2001,2001,130,3467937,3.7
Oregon,41,2002,2002,175,3513424,5
Oregon,41,2003,2003,198,3547376,5.6
Oregon,41,2004,2004,212,3569463,5.9
Oregon,41,2005,2005,243,3613202,6.7
Oregon,41,2006,2006,333,3670883,9.1
Oregon,41,2007,2007,338,3722417,9.1
Oregon,41,2008,2008,307,3768748,8.1
Oregon,41,2009,2009,354,3808600,9.3
Oregon,41,2010,2010,319,3831074,8.3
Oregon,41,2011,2011,381,3871859,9.8
Oregon,41,2012,2012,349,3899353,9
Oregon,41,2013,2013,285,3930065,7.3
Oregon,41,2014,2014,326,3970239,8.2
Oregon,41,2015,2015,322,4028977,8
Oregon,41,2016,2016,300,4093465,7.3
Oregon,41,2017,2017,327,4142776,7.9
Oregon,41,2018,2018,332,4190713,7.9
Oregon,41,2019,2019,325,4217737,7.7
Oregon,41,2020,2020,492,4241507,11.6
Pennsylvania,42,1999,1999,268,12263805,2.2
Pennsylvania,42,2000,2000,263,12281054,2.1
Pennsylvania,42,2001,2001,216,12298970,1.8
Pennsylvania,42,2002,2002,283,12331031,2.3
Pennsylvania,42,2003,2003,390,12374658,3.2
Pennsylvania,42,2004,2004,422,12410722,3.4
Pennsylvania,42,2005,2005,437,12449990,3.5
Pennsylvania,42,2006,2006,369,12510809,2.9
Pennsylvania,42,2007,2007,444,12563937,3.5
Pennsylvania,42,2008,2008,546,12612285,4.3
Pennsylvania,42,2009,2009,580,12666858,4.6
Pennsylvania,42,2010,2010,580,12702379,4.6
Pennsylvania,42,2011,2011,688,12742886,5.4
Pennsylvania,42,2012,2012,778,12763536,6.1
Pennsylvania,42,2013,2013,883,12773801,6.9
Pennsylvania,42,2014,2014,1033,12787209,8.1
Pennsylvania,42,2015,2015,1292,12802503,10.1
Pennsylvania,42,2016,2016,2190,12784227,17.1
Pennsylvania,42,2017,2017,2492,12805537,19.5
Pennsylvania,42,2018,2018,2798,12807060,21.8
Pennsylvania,42,2019,2019,2993,12801989,23.4
Pennsylvania,42,2020,2020,3878,12783254,30.3
Rhode Island,44,1999,1999,12,1040402,Unreliable
Rhode Island,44,2000,2000,18,1048319,Unreliable
Rhode Island,44,2001,2001,25,1057142,2.4
Rhode Island,44,2002,2002,31,1065995,2.9
Rhode Island,44,2003,2003,43,1071342,4
Rhode Island,44,2004,2004,36,1074579,3.4
Rhode Island,44,2005,2005,59,1067916,5.5
Rhode Island,44,2006,2006,80,1063096,7.5
Rhode Island,44,2007,2007,49,1057315,4.6
Rhode Island,44,2008,2008,69,1055003,6.5
Rhode Island,44,2009,2009,71,1053646,6.7
Rhode Island,44,2010,2010,81,1052567,7.7
Rhode Island,44,2011,2011,103,1051302,9.8
Rhode Island,44,2012,2012,121,1050292,11.5
Rhode Island,44,2013,2013,164,1051511,15.6
Rhode Island,44,2014,2014,189,1055173,17.9
Rhode Island,44,2015,2015,240,1056298,22.7
Rhode Island,44,2016,2016,258,1056426,24.4
Rhode Island,44,2017,2017,269,1059639,25.4
Rhode Island,44,2018,2018,265,1057315,25.1
Rhode Island,44,2019,2019,236,1059361,22.3
Rhode Island,44,2020,2020,330,1057125,31.2
South Carolina,45,1999,1999,40,3974682,1
South Carolina,45,2000,2000,80,4012012,2
South Carolina,45,2001,2001,78,4064995,1.9
South Carolina,45,2002,2002,71,4107795,1.7
South Carolina,45,2003,2003,88,4150297,2.1
South Carolina,45,2004,2004,121,4210921,2.9
South Carolina,45,2005,2005,143,4270150,3.3
South Carolina,45,2006,2006,207,4357847,4.8
South Carolina,45,2007,2007,189,4444110,4.3
South Carolina,45,2008,2008,208,4528996,4.6
South Carolina,45,2009,2009,234,4589872,5.1
South Carolina,45,2010,2010,264,4625364,5.7
South Carolina,45,2011,2011,237,4679230,5.1
South Carolina,45,2012,2012,225,4723723,4.8
South Carolina,45,2013,2013,243,4774839,5.1
South Carolina,45,2014,2014,506,4832482,10.5
South Carolina,45,2015,2015,537,4896146,11
South Carolina,45,2016,2016,607,4961119,12.2
South Carolina,45,2017,2017,732,5024369,14.6
South Carolina,45,2018,2018,819,5084127,16.1
South Carolina,45,2019,2019,845,5148714,16.4
South Carolina,45,2020,2020,1399,5218040,26.8
South Dakota,46,2002,2002,12,760020,Unreliable
South Dakota,46,2004,2004,19,770396,Unreliable
South Dakota,46,2005,2005,22,775493,2.8
South Dakota,46,2006,2006,23,783033,2.9
South Dakota,46,2007,2007,18,791623,Unreliable
South Dakota,46,2008,2008,30,799124,3.8
South Dakota,46,2009,2009,34,807067,4.2
South Dakota,46,2010,2010,32,814180,3.9
South Dakota,46,2011,2011,34,824082,4.1
South Dakota,46,2012,2012,22,833354,2.6
South Dakota,46,2013,2013,33,844877,3.9
South Dakota,46,2014,2014,33,853175,3.9
South Dakota,46,2015,2015,24,858469,2.8
South Dakota,46,2016,2016,41,865454,4.7
South Dakota,46,2017,2017,35,869666,4
South Dakota,46,2018,2018,28,882235,3.2
South Dakota,46,2019,2019,39,884659,4.4
South Dakota,46,2020,2020,45,892717,5
Tennessee,47,1999,1999,76,5638706,1.3
Tennessee,47,2000,2000,87,5689283,1.5
Tennessee,47,2001,2001,114,5750789,2
Tennessee,47,2002,2002,142,5795918,2.5
Tennessee,47,2003,2003,268,5847812,4.6
Tennessee,47,2004,2004,348,5910809,5.9
Tennessee,47,2005,2005,410,5991057,6.8
Tennessee,47,2006,2006,445,6088766,7.3
Tennessee,47,2007,2007,449,6175727,7.3
Tennessee,47,2008,2008,452,6247411,7.2
Tennessee,47,2009,2009,487,6306019,7.7
Tennessee,47,2010,2010,582,6346105,9.2
Tennessee,47,2011,2011,564,6403353,8.8
Tennessee,47,2012,2012,657,6456243,10.2
Tennessee,47,2013,2013,706,6495978,10.9
Tennessee,47,2014,2014,806,6549352,12.3
Tennessee,47,2015,2015,992,6600299,15
Tennessee,47,2016,2016,1158,6651194,17.4
Tennessee,47,2017,2017,1225,6715984,18.2
Tennessee,47,2018,2018,1284,6770010,19
Tennessee,47,2019,2019,1518,6829174,22.2
Tennessee,47,2020,2020,2388,6886834,34.7
Texas,48,1999,1999,285,20558220,1.4
Texas,48,2000,2000,331,20851820,1.6
Texas,48,2001,2001,527,21319622,2.5
Texas,48,2002,2002,692,21690325,3.2
Texas,48,2003,2003,739,22030931,3.4
Texas,48,2004,2004,766,22394023,3.4
Texas,48,2005,2005,816,22778123,3.6
Texas,48,2006,2006,1019,23359580,4.4
Texas,48,2007,2007,942,23831983,4
Texas,48,2008,2008,863,24309039,3.6
Texas,48,2009,2009,1071,24801761,4.3
Texas,48,2010,2010,1030,25145561,4.1
Texas,48,2011,2011,1073,25674681,4.2
Texas,48,2012,2012,1028,26059203,3.9
Texas,48,2013,2013,961,26448193,3.6
Texas,48,2014,2014,1061,26956958,3.9
Texas,48,2015,2015,1202,27469114,4.4
Texas,48,2016,2016,1272,27862596,4.6
Texas,48,2017,2017,1385,28304596,4.9
Texas,48,2018,2018,1351,28701845,4.7
Texas,48,2019,2019,1448,28995881,5
Texas,48,2020,2020,2075,29360759,7.1
Utah,49,1999,1999,135,2203482,6.1
Utah,49,2000,2000,154,2233169,6.9
Utah,49,2001,2001,147,2283715,6.4
Utah,49,2002,2002,195,2324815,8.4
Utah,49,2003,2003,244,2360137,10.3
Utah,49,2004,2004,254,2401580,10.6
Utah,49,2005,2005,320,2457719,13
Utah,49,2006,2006,320,2525507,12.7
Utah,49,2007,2007,339,2597746,13
Utah,49,2008,2008,333,2663029,12.5
Utah,49,2009,2009,347,2723421,12.7
Utah,49,2010,2010,315,2763885,11.4
Utah,49,2011,2011,368,2817222,13.1
Utah,49,2012,2012,413,2855287,14.5
Utah,49,2013,2013,430,2900872,14.8
Utah,49,2014,2014,452,2942902,15.4
Utah,49,2015,2015,445,2995919,14.9
Utah,49,2016,2016,460,3051217,15.1
Utah,49,2017,2017,452,3101833,14.6
Utah,49,2018,2018,434,3161105,13.7
Utah,49,2019,2019,396,3205958,12.4
Utah,49,2020,2020,443,3249879,13.6
Vermont,50,1999,1999,15,604683,Unreliable
Vermont,50,2000,2000,19,608827,Unreliable
Vermont,50,2001,2001,27,612223,4.4
Vermont,50,2002,2002,32,615442,5.2
Vermont,50,2003,2003,45,617858,7.3
Vermont,50,2004,2004,37,619920,6
Vermont,50,2005,2005,34,621215,5.5
Vermont,50,2006,2006,56,622892,9
Vermont,50,2007,2007,49,623481,7.9
Vermont,50,2008,2008,56,624151,9
Vermont,50,2009,2009,38,624817,6.1
Vermont,50,2010,2010,42,625741,6.7
Vermont,50,2011,2011,54,626431,8.6
Vermont,50,2012,2012,53,626011,8.5
Vermont,50,2013,2013,70,626630,11.2
Vermont,50,2014,2014,64,626562,10.2
Vermont,50,2015,2015,77,626042,12.3
Vermont,50,2016,2016,101,624594,16.2
Vermont,50,2017,2017,114,623657,18.3
Vermont,50,2018,2018,127,626299,20.3
Vermont,50,2019,2019,113,623989,18.1
Vermont,50,2020,2020,155,623347,24.9
Virginia,51,1999,1999,181,7000174,2.6
Virginia,51,2000,2000,201,7078515,2.8
Virginia,51,2001,2001,286,7198362,4
Virginia,51,2002,2002,321,7286873,4.4
Virginia,51,2003,2003,336,7366977,4.6
Virginia,51,2004,2004,360,7475575,4.8
Virginia,51,2005,2005,334,7577105,4.4
Virginia,51,2006,2006,368,7673725,4.8
Virginia,51,2007,2007,459,7751000,5.9
Virginia,51,2008,2008,479,7833496,6.1
Virginia,51,2009,2009,459,7925937,5.8
Virginia,51,2010,2010,380,8001024,4.7
Virginia,51,2011,2011,561,8096604,6.9
Virginia,51,2012,2012,514,8185867,6.3
Virginia,51,2013,2013,622,8260405,7.5
Virginia,51,2014,2014,724,8326289,8.7
Virginia,51,2015,2015,785,8382993,9.4
Virginia,51,2016,2016,1100,8411808,13.1
Virginia,51,2017,2017,1213,8470020,14.3
Virginia,51,2018,2018,1181,8517685,13.9
Virginia,51,2019,2019,1254,8535519,14.7
Virginia,51,2020,2020,1887,8590563,22
Washington,53,1999,1999,207,5842564,3.5
Washington,53,2000,2000,227,5894121,3.9
Washington,53,2001,2001,246,5985722,4.1
Washington,53,2002,2002,349,6052349,5.8
Washington,53,2003,2003,369,6104115,6
Washington,53,2004,2004,491,6178645,7.9
Washington,53,2005,2005,532,6257305,8.5
Washington,53,2006,2006,599,6370753,9.4
Washington,53,2007,2007,574,6461587,8.9
Washington,53,2008,2008,627,6562231,9.6
Washington,53,2009,2009,636,6667426,9.5
Washington,53,2010,2010,576,6724540,8.6
Washington,53,2011,2011,660,6830038,9.7
Washington,53,2012,2012,652,6897012,9.5
Washington,53,2013,2013,601,6971406,8.6
Washington,53,2014,2014,646,7061530,9.1
Washington,53,2015,2015,657,7170351,9.2
Washington,53,2016,2016,685,7288000,9.4
Washington,53,2017,2017,717,7405743,9.7
Washington,53,2018,2018,724,7535591,9.6
Washington,53,2019,2019,812,7614893,10.7
Washington,53,2020,2020,1177,7693612,15.3
West Virginia,54,1999,1999,28,1811799,1.5
West Virginia,54,2000,2000,39,1808344,2.2
West Virginia,54,2001,2001,135,1801481,7.5
West Virginia,54,2002,2002,174,1805414,9.6
West Virginia,54,2003,2003,193,1812295,10.6
West Virginia,54,2004,2004,247,1816438,13.6
West Virginia,54,2005,2005,138,1820492,7.6
West Virginia,54,2006,2006,279,1827912,15.3
West Virginia,54,2007,2007,328,1834052,17.9
West Virginia,54,2008,2008,367,1840310,19.9
West Virginia,54,2009,2009,175,1847775,9.5
West Virginia,54,2010,2010,447,1852994,24.1
West Virginia,54,2011,2011,547,1855364,29.5
West Virginia,54,2012,2012,464,1855413,25
West Virginia,54,2013,2013,487,1854304,26.3
West Virginia,54,2014,2014,541,1850326,29.2
West Virginia,54,2015,2015,621,1844128,33.7
West Virginia,54,2016,2016,728,1831102,39.8
West Virginia,54,2017,2017,828,1815857,45.6
West Virginia,54,2018,2018,696,1805832,38.5
West Virginia,54,2019,2019,668,1792147,37.3
West Virginia,54,2020,2020,1126,1784787,63.1
Wisconsin,55,1999,1999,73,5332666,1.4
Wisconsin,55,2000,2000,107,5363675,2
Wisconsin,55,2001,2001,131,5406835,2.4
Wisconsin,55,2002,2002,167,5445162,3.1
Wisconsin,55,2003,2003,192,5479203,3.5
Wisconsin,55,2004,2004,211,5514026,3.8
Wisconsin,55,2005,2005,268,5546166,4.8
Wisconsin,55,2006,2006,325,5577655,5.8
Wisconsin,55,2007,2007,359,5610775,6.4
Wisconsin,55,2008,2008,357,5640996,6.3
Wisconsin,55,2009,2009,382,5669264,6.7
Wisconsin,55,2010,2010,396,5686986,7
Wisconsin,55,2011,2011,444,5711767,7.8
Wisconsin,55,2012,2012,465,5726398,8.1
Wisconsin,55,2013,2013,580,5742713,10.1
Wisconsin,55,2014,2014,612,5757564,10.6
Wisconsin,55,2015,2015,608,5771337,10.5
Wisconsin,55,2016,2016,843,5778708,14.6
Wisconsin,55,2017,2017,913,5795483,15.8
Wisconsin,55,2018,2018,834,5813568,14.3
Wisconsin,55,2019,2019,924,5822434,15.9
Wisconsin,55,2020,2020,1247,5832655,21.4
Wyoming,56,2002,2002,15,500017,Unreliable
Wyoming,56,2004,2004,10,509106,Unreliable
Wyoming,56,2006,2006,12,522667,Unreliable
Wyoming,56,2007,2007,21,534876,3.9
Wyoming,56,2008,2008,35,546043,6.4
Wyoming,56,2009,2009,27,559851,4.8
Wyoming,56,2010,2010,41,563626,7.3
Wyoming,56,2011,2011,38,568158,6.7
Wyoming,56,2012,2012,37,576412,6.4
Wyoming,56,2013,2013,41,582658,7
Wyoming,56,2014,2014,49,584153,8.4
Wyoming,56,2015,2015,40,586107,6.8
Wyoming,56,2016,2016,38,585501,6.5
Wyoming,56,2017,2017,45,579315,7.8
Wyoming,56,2018,2018,40,577737,6.9
Wyoming,56,2019,2019,47,578759,8.1
Wyoming,56,2020,2020,60,582328,10.3
